id,_memo,name,description,type,effect_type,effect_value,use_time,use_sound,max_stack,price,weight,icon,prefab
110,작은 연료병,item.110.name,item.110.desc,Consumable,Thirst,15,1,sfx_use,10,120,1,Icons/item_110,
111,압축 연료,item.111.name,item.111.desc,Consumable,Thirst,30,1.5,sfx_use,10,120,1,Icons/item_111,
112,연료팩,item.112.name,item.112.desc,Consumable,Thirst,45,3,sfx_use,10,120,1,Icons/item_112,
113,재활용 연료,item.113.name,item.113.desc,Consumable,Thirst,40,5,sfx_use,10,120,1,Icons/item_113,
114,고급 연료,item.114.name,item.114.desc,Consumable,Thirst,60,2,sfx_use,10,120,1,Icons/item_114,
115,연료 젤,item.115.name,item.115.desc,Consumable,Thirst,70,7,sfx_use,10,120,1,Icons/item_115,
116,큰 연료통,item.116.name,item.116.desc,Consumable,Thirst,100,8,sfx_use,10,120,1,Icons/item_116,
117,급속 연료,item.117.name,item.117.desc,Consumable,Thirst,100,4,sfx_use,10,120,1,Icons/item_117,
118,수리 테이프,item.118.name,item.118.desc,Consumable,HP,15,1,sfx_use,10,150,1,Icons/item_118,
119,수리 퍼티,item.119.name,item.119.desc,Consumable,HP,30,3,sfx_use,10,150,1,Icons/item_119,
120,수리 스프레이,item.120.name,item.120.desc,Consumable,HP,25,1.5,sfx_use,10,150,1,Icons/item_120,
121,수리 폼,item.121.name,item.121.desc,Consumable,HP,50,4,sfx_use,10,150,1,Icons/item_121,
122,수리 젤,item.122.name,item.122.desc,Consumable,HP,60,2.5,sfx_use,10,150,1,Icons/item_122,
123,수리 키트,item.123.name,item.123.desc,Consumable,HP,80,6,sfx_use,10,150,1,Icons/item_123,
124,큰 수리 키트,item.124.name,item.124.desc,Consumable,HP,100,8,sfx_use,10,150,1,Icons/item_124,
201,M1911,item.201.name,item.201.desc,Weapon,Damage,25,0,,1,500,1,Icons/M1911,Item/Weapon/M1911
202,AK47,item.202.name,item.202.desc,Weapon,Damage,43,0,,1,2500,1,Icons/AK47,Item/Weapon/AK47
203,Benelli_M4,item.203.name,item.203.desc,Weapon,Damage,84,0,,1,1800,1,Icons/Benelli_M4,Item/Weapon/Benelli_M4
204,M107,item.204.name,item.204.desc,Weapon,Damage,120,0,,1,4500,1,Icons/M107,Item/Weapon/M107
205,Uzi,item.205.name,item.205.desc,Weapon,Damage,18,0,,1,1200,1,Icons/Uzi,Item/Weapon/Uzi
211,M1911_Ice,item.211.name,item.211.desc,Weapon,Damage,30,0,,1,1000,1,Icons/M1911_Ice,Item/Weapon/M1911_Ice
212,AK47_Ice,item.212.name,item.212.desc,Weapon,Damage,51,0,,1,5000,1,Icons/AK47_Ice,Item/Weapon/AK47_Ice
213,Benelli_M4_Ice,item.213.name,item.213.desc,Weapon,Damage,99,0,,1,3600,1,Icons/Benelli_M4_Ice,Item/Weapon/Benelli_M4_Ice
214,M107_Ice,item.214.name,item.214.desc,Weapon,Damage,142,0,,1,9000,1,Icons/M107_Ice,Item/Weapon/M107_Ice
215,Uzi_Ice,item.215.name,item.215.desc,Weapon,Damage,21,0,,1,2400,1,Icons/Uzi_Ice,Item/Weapon/Uzi_Ice
221,M1911_Volcano,item.221.name,item.221.desc,Weapon,Damage,35,0,,1,2000,1,Icons/M1911_Volcano,Item/Weapon/M1911_Volcano
222,AK47_Volcano,item.222.name,item.222.desc,Weapon,Damage,59,0,,1,10000,1,Icons/AK47_Volcano,Item/Weapon/AK47_Volcano
223,Benelli_M4_Volcano,item.223.name,item.223.desc,Weapon,Damage,116,0,,1,7200,1,Icons/Benelli_M4_Volcano,Item/Weapon/Benelli_M4_Volcano
224,M107_Volcano,item.224.name,item.224.desc,Weapon,Damage,166,0,,1,18000,1,Icons/M107_Volcano,Item/Weapon/M107_Volcano
225,Uzi_Volcano,item.225.name,item.225.desc,Weapon,Damage,25,0,,1,4800,1,Icons/Uzi_Volcano,Item/Weapon/Uzi_Volcano
231,Laser_Pistol,item.231.name,item.231.desc,Weapon,Damage,44,0,,1,4000,1,Icons/Laser_Pistol,Item/Weapon/Laser_Pistol
232,Laser_Rifle,item.232.name,item.232.desc,Weapon,Damage,75,0,,1,20000,1,Icons/Laser_Rifle,Item/Weapon/Laser_Rifle
233,Plasma_Shotgun,item.233.name,item.233.desc,Weapon,Damage,134,0,,1,14400,1,Icons/Plasma_Shotgun,Item/Weapon/Plasma_Shotgun
234,Railgun,item.234.name,item.234.desc,Weapon,Damage,264,0,,1,36000,1,Icons/Railgun,Item/Weapon/Railgun
235,Pulse_SMG,item.235.name,item.235.desc,Weapon,Damage,32,0,,1,9600,1,Icons/Pulse_SMG,Item/Weapon/Pulse_SMG
301,상자,item.301.name,item.301.desc,ItemBox,,0,0,,1,0,1,Icons/item_box_301,Box/ItemBox
302,창고,item.302.name,item.302.desc,Storage,,0,0,,1,0,1,Icons/storage_302,Box/Storage
303,드롭상자,item.303.name,item.303.desc,ItemBox,,0,0,,1,0,1,Icons/item_box_301,Box/DropItemBox
401,테스트용 헬멧,item.401.name,item.401.desc,Helmet,Guard,10,3,,1,100,1,Icons/helmet,Item/Helmet/TestHelmet
501,테스트용 갑옷,item.501.name,item.501.desc,Armor,Guard,10,3,,1,100,1,Icons/armor,Item/Helmet/TestHelmet
600,테스트용 탄약,item.600.name,item.600.desc,Bullet,,0,0,,999,10,1,Icons/ammo,
601,.45 ACP 탄약,item.601.name,item.601.desc,Bullet,,0,0,,100,10,1,Icons/ammo,
602,7.62mm 탄약,item.602.name,item.602.desc,Bullet,,0,0,,60,25,1,Icons/ammo,
603,12게이지 산탄,item.603.name,item.603.desc,Bullet,,0,0,,30,30,1,Icons/ammo,
604,.50 BMG 탄약,item.604.name,item.604.desc,Bullet,,0,0,,10,150,1,Icons/ammo,
605,9mm 탄약,item.605.name,item.605.desc,Bullet,,0,0,,150,8,1,Icons/ammo,
611,냉각 .45 ACP 탄약,item.611.name,item.611.desc,Bullet,,0,0,,80,25,1,Icons/ammo_ice,
612,냉각 7.62mm 탄약,item.612.name,item.612.desc,Bullet,,0,0,,45,60,1,Icons/ammo_ice,
613,냉각 12게이지 산탄,item.613.name,item.613.desc,Bullet,,0,0,,20,70,1,Icons/ammo_ice,
614,냉각 .50 BMG 탄약,item.614.name,item.614.desc,Bullet,,0,0,,7,350,1,Icons/ammo_ice,
615,냉각 9mm 탄약,item.615.name,item.615.desc,Bullet,,0,0,,120,20,1,Icons/ammo_ice,
621,화염 .45 ACP 탄약,item.621.name,item.621.desc,Bullet,,0,0,,60,50,1,Icons/ammo_volcano,
622,화염 7.62mm 탄약,item.622.name,item.622.desc,Bullet,,0,0,,30,120,1,Icons/ammo_volcano,
623,화염 12게이지 산탄,item.623.name,item.623.desc,Bullet,,0,0,,15,140,1,Icons/ammo_volcano,
624,화염 .50 BMG 탄약,item.624.name,item.624.desc,Bullet,,0,0,,5,700,1,Icons/ammo_volcano,
625,화염 9mm 탄약,item.625.name,item.625.desc,Bullet,,0,0,,90,40,1,Icons/ammo_volcano,
631,레이저 에너지 셀,item.631.name,item.631.desc,Bullet,,0,0,,40,100,1,Icons/ammo_final,
632,고출력 레이저 셀,item.632.name,item.632.desc,Bullet,,0,0,,20,250,1,Icons/ammo_final,
633,플라즈마 코어,item.633.name,item.633.desc,Bullet,,0,0,,10,300,1,Icons/ammo_final,
634,레일건 슬러그,item.634.name,item.634.desc,Bullet,,0,0,,3,1500,1,Icons/ammo_final,
635,펄스 에너지 셀,item.635.name,item.635.desc,Bullet,,0,0,,60,80,1,Icons/ammo_final,
700,테스트용 가방,item.700.name,item.700.desc,Bag,,10,0,,1,1000,1,Icons/ammo,Item/Bag/TestBag
801,돌,item.801.name,item.801.desc,Ingredient,,0,0,,99,15,1,Icons/ingredient_stone_801,
802,철광석,item.802.name,item.802.desc,Ingredient,,0,0,,99,40,1,Icons/ingredient_iron_ore_802,
803,금광석,item.803.name,item.803.desc,Ingredient,,0,0,,99,120,1,Icons/ingredient_gold_ore_803,
804,석탄 원석,item.804.name,item.804.desc,Ingredient,,0,0,,50,20,1,Icons/ingredient_stone_801,
805,우라늄 원석,item.805.name,item.805.desc,Ingredient,,0,0,,30,80,1,Icons/ingredient_stone_801,
806,레드 플라즈마,item.806.name,item.806.desc,Ingredient,,0,0,,20,200,1,Icons/ingredient_stone_801,
811,원목,item.811.name,item.811.desc,Ingredient,,0,0,,99,20,1,Icons/ingredient_stone_801,
812,식물 섬유,item.812.name,item.812.desc,Ingredient,,0,0,,99,10,1,Icons/ingredient_stone_801,
813,천,item.813.name,item.813.desc,Ingredient,,0,0,,99,10,1,Icons/item_813,
814,고무,item.814.name,item.814.desc,Ingredient,,0,0,,99,15,1,Icons/item_814,
815,플라스틱,item.815.name,item.815.desc,Ingredient,,0,0,,99,10,1,Icons/item_815,
816,유리,item.816.name,item.816.desc,Ingredient,,0,0,,99,10,1,Icons/item_816,
817,가죽,item.817.name,item.817.desc,Ingredient,,0,0,,99,20,1,Icons/item_817,
818,수액,item.818.name,item.818.desc,Ingredient,,0,0,,99,10,1,Icons/item_818,
821,고철,item.821.name,item.821.desc,Ingredient,,0,0,,99,25,1,Icons/ingredient_iron_ore_802,
822,나사,item.822.name,item.822.desc,Ingredient,,0,0,,200,5,1,Icons/ingredient_iron_ore_802,
823,철판,item.823.name,item.823.desc,Ingredient,,0,0,,99,30,1,Icons/item_823,
824,철사,item.824.name,item.824.desc,Ingredient,,0,0,,99,10,1,Icons/item_824,
825,구리선,item.825.name,item.825.desc,Ingredient,,0,0,,99,20,1,Icons/item_825,
826,금속 가루,item.826.name,item.826.desc,Ingredient,,0,0,,99,15,1,Icons/item_826,
827,기어,item.827.name,item.827.desc,Ingredient,,0,0,,99,30,1,Icons/item_827,
828,스프링,item.828.name,item.828.desc,Ingredient,,0,0,,99,15,1,Icons/item_828,
829,베어링,item.829.name,item.829.desc,Ingredient,,0,0,,99,30,1,Icons/item_829,
830,파이프,item.830.name,item.830.desc,Ingredient,,0,0,,99,20,1,Icons/item_830,
831,밸브,item.831.name,item.831.desc,Ingredient,,0,0,,99,30,1,Icons/item_831,
832,모터,item.832.name,item.832.desc,Ingredient,,0,0,,99,60,1,Icons/item_832,
833,전선,item.833.name,item.833.desc,Ingredient,,0,0,,99,15,1,Icons/item_833,
834,회로기판,item.834.name,item.834.desc,Ingredient,,0,0,,99,50,1,Icons/item_834,
835,전자칩,item.835.name,item.835.desc,Ingredient,,0,0,,99,70,1,Icons/item_835,
836,센서,item.836.name,item.836.desc,Ingredient,,0,0,,99,50,1,Icons/item_836,
837,퓨즈,item.837.name,item.837.desc,Ingredient,,0,0,,99,10,1,Icons/item_837,
838,배터리,item.838.name,item.838.desc,Ingredient,,0,0,,99,40,1,Icons/item_838,
839,폐유,item.839.name,item.839.desc,Ingredient,,0,0,,99,5,1,Icons/item_839,
840,기름,item.840.name,item.840.desc,Ingredient,,0,0,,99,20,1,Icons/item_840,
841,알코올,item.841.name,item.841.desc,Ingredient,,0,0,,99,15,1,Icons/item_841,
842,접착제,item.842.name,item.842.desc,Ingredient,,0,0,,99,15,1,Icons/item_842,
843,수지,item.843.name,item.843.desc,Ingredient,,0,0,,99,15,1,Icons/item_843,
844,젤,item.844.name,item.844.desc,Ingredient,,0,0,,99,20,1,Icons/item_844,
845,빈 병,item.845.name,item.845.desc,Ingredient,,0,0,,99,5,1,Icons/item_845,
846,빈 캔,item.846.name,item.846.desc,Ingredient,,0,0,,99,5,1,Icons/item_846,
847,빈 통,item.847.name,item.847.desc,Ingredient,,0,0,,99,10,1,Icons/item_847,
848,압력 용기,item.848.name,item.848.desc,Ingredient,,0,0,,99,35,1,Icons/item_848,
851,철 주괴,item.851.name,item.851.desc,Ingredient,,0,0,,99,100,1,Icons/ingredient_iron_ore_802,
852,금 주괴,item.852.name,item.852.desc,Ingredient,,0,0,,99,300,1,Icons/ingredient_gold_ore_803,
853,정제 석탄,item.853.name,item.853.desc,Ingredient,,0,0,,50,60,1,Icons/ingredient_stone_801,
854,농축 우라늄,item.854.name,item.854.desc,Ingredient,,0,0,,30,240,1,Icons/ingredient_stone_801,
855,레드 플라즈마 주괴,item.855.name,item.855.desc,Ingredient,,0,0,,30,240,1,Icons/ingredient_stone_801,
856,필터,item.856.name,item.856.desc,Ingredient,,0,0,,99,15,1,Icons/item_856,
857,공구,item.857.name,item.857.desc,Ingredient,,0,0,,99,40,1,Icons/item_857,
858,끊어진 전선,item.858.name,item.858.desc,Ingredient,,0,0,,99,5,1,Icons/item_858,
859,망가진 회로기판,item.859.name,item.859.desc,Ingredient,,0,0,,99,15,1,Icons/item_859,
860,녹슨 기어,item.860.name,item.860.desc,Ingredient,,0,0,,99,10,1,Icons/item_860,
901,테스트용 소염기,item.901.name,item.901.desc,GunPart,,0,0,,1,200,1,Icons/Parts/MuzzleFlashHider,
903,테스트용 수직 손잡이,item.903.name,item.903.desc,GunPart,,0,0,,1,300,1,Icons/Parts/VerticalForegrip,
904,테스트용 레이저사이트,item.904.name,item.904.desc,GunPart,,0,0,,1,400,1,Icons/Parts/LaserSight,
905,테스트용 퀵드로우 탄창,item.905.name,item.905.desc,GunPart,,0,0,,1,350,1,Icons/Parts/QuickdrawMag,
906,테스트용 대용량 탄창,item.906.name,item.906.desc,GunPart,,0,0,,1,450,1,Icons/Parts/ExtendedMag,
907,테스트용 개머리판,item.907.name,item.907.desc,GunPart,,0,0,,1,400,1,Icons/Parts/Stock,
908,테스트용 스코프,item.908.name,item.908.desc,GunPart,,0,0,,1,600,1,Icons/Parts/Scope,
